<?xml version='1.0' encoding='UTF-8'?>
<EventMessage xmlns="http://iec.ch/TC57/2011/schema/message" xmlns:xsi="http://www.w3.org/2001/XMLSchema-instance" xsi:noNamespaceSchemaLocation="common-message-specification-01.xsd">
  <Header>
    <Verb>created</Verb>
    <Noun>CommonGridModel</Noun>
    <Revision>13</Revision>
    <Context>ID_PRODUCTION</Context>
    <Timestamp>2021-03-14T00:29:59Z</Timestamp>
    <Source>22XCORESO------S</Source>
    <MessageID>20190330-F613-11</MessageID>
    <CorrelationID>d7afb7c8-8158-4ef7-a375-4ee6757ad964</CorrelationID>
  </Header>
  <Payload>
    <resp:ResponseItems xmlns:resp="http://unicorn.com/Response/response-payload" timeInterval="2019-03-29T23:00Z/2019-03-30T23:00Z" xsi:noNamespaceSchemaLocation="response-payload-01.xsd" xsi:schemaLocation="http://www.w3.org/2001/XMLSchema-instance">
      <resp:ResponseItem timeInterval="2019-03-29T23:00Z/2019-03-30T00:00Z">
        <resp:Files>
          <resp:File code="CGM" url="fileName://20190330_0030_2D3_UX0.uct"/>
        </resp:Files>
      </resp:ResponseItem>
      <resp:ResponseItem timeInterval="2019-03-30T00:00Z/2019-03-30T01:00Z">
        <resp:Files>
          <resp:File code="CGM" url="fileName://20190330_0130_2D3_UX0.uct"/>
        </resp:Files>
      </resp:ResponseItem>
      <resp:ResponseItem timeInterval="2019-03-30T01:00Z/2019-03-30T02:00Z">
        <resp:Files>
          <resp:File code="CGM" url="fileName://20190330_0230_2D3_UX0.uct"/>
        </resp:Files>
      </resp:ResponseItem>
      <resp:ResponseItem timeInterval="2019-03-30T02:00Z/2019-03-30T03:00Z">
        <resp:Files>
          <resp:File code="CGM" url="fileName://20190330_0330_2D3_UX0.uct"/>
        </resp:Files>
      </resp:ResponseItem>
      <resp:ResponseItem timeInterval="2019-03-30T03:00Z/2019-03-30T04:00Z">
        <resp:Files>
          <resp:File code="CGM" url="fileName://20190330_0430_2D3_UX0.uct"/>
        </resp:Files>
      </resp:ResponseItem>
      <resp:ResponseItem timeInterval="2019-03-30T04:00Z/2019-03-30T05:00Z">
        <resp:Files>
          <resp:File code="CGM" url="fileName://20190330_0530_2D3_UX0.uct"/>
        </resp:Files>
      </resp:ResponseItem>
      <resp:ResponseItem timeInterval="2019-03-30T05:00Z/2019-03-30T06:00Z">
        <resp:Files>
          <resp:File code="CGM" url="fileName://20190330_0630_2D3_UX0.uct"/>
        </resp:Files>
      </resp:ResponseItem>    
      <resp:ResponseItem timeInterval="2019-03-30T06:00Z/2019-03-30T07:00Z">
        <resp:Files>
          <resp:File code="CGM" url="fileName://20190330_0730_2D3_UX0.uct"/>
        </resp:Files>
      </resp:ResponseItem>
      <resp:ResponseItem timeInterval="2019-03-30T07:00Z/2019-03-30T08:00Z">
        <resp:Files>
          <resp:File code="CGM" url="fileName://20190330_0830_2D3_UX0.uct"/>
        </resp:Files>
      </resp:ResponseItem>
      <resp:ResponseItem timeInterval="2019-03-30T08:00Z/2019-03-30T09:00Z">
        <resp:Files>
          <resp:File code="CGM" url="fileName://20190330_0930_2D3_UX0.uct"/>
        </resp:Files>
      </resp:ResponseItem>
      <resp:ResponseItem timeInterval="2019-03-30T09:00Z/2019-03-30T10:00Z">
        <resp:Files>
          <resp:File code="CGM" url="fileName://20190330_1030_2D3_UX0.uct"/>
        </resp:Files>
      </resp:ResponseItem>
      <resp:ResponseItem timeInterval="2019-03-30T10:00Z/2019-03-30T11:00Z">
        <resp:Files>
          <resp:File code="CGM" url="fileName://20190330_1130_2D3_UX0.uct"/>
        </resp:Files>
      </resp:ResponseItem>
      <resp:ResponseItem timeInterval="2019-03-30T11:00Z/2019-03-30T12:00Z">
        <resp:Files>
          <resp:File code="CGM" url="fileName://20190330_1230_2D3_UX0.uct"/>
        </resp:Files>
      </resp:ResponseItem>
      <resp:ResponseItem timeInterval="2019-03-30T12:00Z/2019-03-30T13:00Z">
        <resp:Files>
          <resp:File code="CGM" url="fileName://20190330_1330_2D3_UX0.uct"/>
        </resp:Files>
      </resp:ResponseItem>
  <resp:ResponseItem timeInterval="2019-03-30T13:00Z/2019-03-30T14:00Z">
         <resp:Files>
          <resp:File code="CGM" url="fileName://20190330_1430_2D3_UX0.uct"/>
        </resp:Files>
      </resp:ResponseItem>
      <resp:ResponseItem timeInterval="2019-03-30T14:00Z/2019-03-30T15:00Z">
        <resp:Files>
          <resp:File code="CGM" url="fileName://20190330_1530_2D3_UX0.uct"/>
        </resp:Files>
      </resp:ResponseItem>
      <resp:ResponseItem timeInterval="2019-03-30T15:00Z/2019-03-30T16:00Z">
        <resp:Files>
          <resp:File code="CGM" url="fileName://20190330_1630_2D3_UX0.uct"/>
        </resp:Files>
      </resp:ResponseItem>
      <resp:ResponseItem timeInterval="2019-03-30T16:00Z/2019-03-30T17:00Z">
        <resp:Files>
          <resp:File code="CGM" url="fileName://20190330_1730_2D3_UX0.uct"/>
        </resp:Files>
      </resp:ResponseItem>
      <resp:ResponseItem timeInterval="2019-03-30T17:00Z/2019-03-30T18:00Z">
        <resp:Files>
          <resp:File code="CGM" url="fileName://20190330_1830_2D3_UX0.uct"/>
        </resp:Files>
      </resp:ResponseItem>
      <resp:ResponseItem timeInterval="2019-03-30T18:00Z/2019-03-30T19:00Z">
        <resp:Files>
          <resp:File code="CGM" url="fileName://20190330_1930_2D3_UX0.uct"/>
        </resp:Files>
      </resp:ResponseItem>
      <resp:ResponseItem timeInterval="2019-03-30T19:00Z/2019-03-30T20:00Z">
        <resp:Files>
          <resp:File code="CGM" url="fileName://20190330_2030_2D3_UX0.uct"/>
        </resp:Files>
      </resp:ResponseItem>
      <resp:ResponseItem timeInterval="2019-03-30T20:00Z/2019-03-30T21:00Z">
        <resp:Files>
          <resp:File code="CGM" url="fileName://20190330_2130_2D3_UX0.uct"/>
        </resp:Files>
      </resp:ResponseItem>
      <resp:ResponseItem timeInterval="2019-03-30T21:00Z/2019-03-30T22:00Z">
        <resp:Files>
          <resp:File code="CGM" url="fileName://20190330_2230_2D3_UX0.uct"/>
        </resp:Files>
      </resp:ResponseItem>
      <resp:ResponseItem timeInterval="2019-03-30T22:00Z/2019-03-30T23:00Z">
        <resp:Files>
          <resp:File code="CGM" url="fileName://20190330_2330_2D3_UX0.uct"/>
        </resp:Files>
      </resp:ResponseItem>
    </resp:ResponseItems>
  </Payload>
</EventMessage>
